id,type,created_time,permalink_url,application_name,like_count,attachment_url,message
10156769966527069_10156771068602069,COMMENT,2018-01-30T22:11:16+0000,https://www.facebook.com/appledaily.tw/posts/10156769966527069?comment_id=10156771068602069,Facebook for Android,119,None,"åˆè¦é€£POå¥½å¹¾å¤©\nä¸€å¤©å¥½å¹¾ç¯‡\nPOåˆ°æœ‰äººåæ„Ÿ\nç•™è¨€é–‹å§‹æœ‰äººåµæ¶é¬¥å˜´\næœ€å¾Œä¸€é¢å€’é–‹å§‹å™´é€™éŠæˆ²"
10156769966527069_10156771079002069,  REPLY,2018-01-30T22:15:31+0000,https://www.facebook.com/appledaily.tw/posts/10156769966527069?comment_id=10156771068602069&reply_comment_id=10156771079002069,Facebook for Android,0,None,"è·Ÿé¤¨é•·æ–°èä¸€æ¨£"
10156769966527069_10156772359292069,  REPLY,2018-01-31T07:24:08+0000,https://www.facebook.com/appledaily.tw/posts/10156769966527069?comment_id=10156771068602069&reply_comment_id=10156772359292069,Facebook for Android,0,None,"å°äººå°±æ˜¯æ„›è·Ÿé¢¨"
10156769966527069_10156771212477069,COMMENT,2018-01-30T22:57:15+0000,https://www.facebook.com/appledaily.tw/posts/10156769966527069?comment_id=10156771212477069,Facebook for Android,71,https://www.facebook.com/photo.php?fbid=2013267108998946&set=p.2013267108998946&type=3,"æˆ‘çš„ğŸ¸å…’å­å¥½ä¹…æ‰å›å®¶æœ¬ä¾†å¾ˆç”Ÿæ°£ï¼ˆæ‰¾ä¸åˆ°ç½µå…’å­çš„é¸é …XD\n\nçµæœçœ‹åˆ°ä»–å¸¶å›ä¾†çš„åç”¢\nä»¥åŠç¨å›ä¾†åœ¨æ·±å±±ç¥æœ¨çš„æ˜ä¿¡ç‰‡\n\nåŸä¾†ä½ è·‘é€™éº¼é æ¡ğŸ“å›ä¾†çµ¦æˆ‘â€¦â€¦\næœ‰è¢«æ„Ÿå‹•åˆ°ï¼ˆå› ç‚ºæˆ‘æœ€æ„›åƒè‰è“ï¼‰\nï¼ˆä¸‹é€±ä¹Ÿè¦å‡ºé–€æ¡è‰è“\næƒ³ä¸åˆ°ğŸ¸å…’å­å…ˆå»äº†@@ï¼"
10156769966527069_10156771717192069,  REPLY,2018-01-31T02:20:56+0000,https://www.facebook.com/appledaily.tw/posts/10156769966527069?comment_id=10156771212477069&reply_comment_id=10156771717192069,Facebook for Android,3,None,"æ ¹æœ¬çœŸå¯¦äººç”Ÿ"
10156769966527069_10156771754147069,  REPLY,2018-01-31T02:37:01+0000,https://www.facebook.com/appledaily.tw/posts/10156769966527069?comment_id=10156771212477069&reply_comment_id=10156771754147069,Facebook for Android,3,None,"å¯æ˜¯æœ€å¾Œè‰è“æ¨ä¸å¾—è‡ªå·±åƒæœ€å¾Œåˆçµ¦äº†ä»–çš„æœ‹å‹åƒäº†"
10156769966527069_10156772216517069,  REPLY,2018-01-31T06:16:16+0000,https://www.facebook.com/appledaily.tw/posts/10156769966527069?comment_id=10156771212477069&reply_comment_id=10156772216517069,Facebook for Android,0,None,"é€™å°±æ˜¯çˆ¶æ¯å•Š~ç•™çµ¦å­©å­è·Ÿæœ‹å‹"
10156769966527069_10156771833147069,COMMENT,2018-01-31T03:13:15+0000,https://www.facebook.com/appledaily.tw/posts/10156769966527069?comment_id=10156771833147069,Facebook for Android,17,https://www.facebook.com/photo.php?fbid=537644893268163&set=p.537644893268163&type=3,"æˆ‘å®¶çš„é’è›™åœ¨æˆ‘è‚šå­è£¡è·Ÿæˆ‘ä¸€èµ·å»æ—…è¡Œäº†"
10156769966527069_10156772147862069,  REPLY,2018-01-31T05:36:11+0000,https://www.facebook.com/appledaily.tw/posts/10156769966527069?comment_id=10156771833147069&reply_comment_id=10156772147862069,Facebook for iPhone,0,None,"é’è›™æ¹¯æ˜¯åŒ—æ¸¯çš„å—"
10156769966527069_10156772414747069,  REPLY,2018-01-31T07:59:33+0000,https://www.facebook.com/appledaily.tw/posts/10156769966527069?comment_id=10156771833147069&reply_comment_id=10156772414747069,Facebook for Android,0,None,"æ˜¯çš„"
10156769966527069_10156771109777069,COMMENT,2018-01-30T22:24:26+0000,https://www.facebook.com/appledaily.tw/posts/10156769966527069?comment_id=10156771109777069,Facebook for Android,14,None,"é‡è¤‡å ±å°æ˜¯ä¸æœƒè†©å–”"
10156769966527069_10156771476192069,COMMENT,2018-01-31T00:46:21+0000,https://www.facebook.com/appledaily.tw/posts/10156769966527069?comment_id=10156771476192069,Facebook for Android,12,None,"æ—¥æœ¬äººè©²çµ¦ä½ å€‘å»£å‘Šè²»äº†"
10156769966527069_10156771204372069,COMMENT,2018-01-30T22:54:26+0000,https://www.facebook.com/appledaily.tw/posts/10156769966527069?comment_id=10156771204372069,Facebook for iPhone,43,https://www.facebook.com/photo.php?fbid=1647744005271682&set=p.1647744005271682&type=3,"æ°´æºæ˜¯æ€æ¨£"
10156769966527069_10156771533907069,  REPLY,2018-01-31T01:11:47+0000,https://www.facebook.com/appledaily.tw/posts/10156769966527069?comment_id=10156771204372069&reply_comment_id=10156771533907069,Facebook for Android,0,None,"é‡æ¯”è›™é›„"
10156769966527069_10156771652337069,  REPLY,2018-01-31T01:54:45+0000,https://www.facebook.com/appledaily.tw/posts/10156769966527069?comment_id=10156771204372069&reply_comment_id=10156771652337069,Facebook for iPhone,0,None,"å“ˆå“ˆå“ˆ å‚»çœ¼"
10156769966527069_10156771766582069,  REPLY,2018-01-31T02:43:23+0000,https://www.facebook.com/appledaily.tw/posts/10156769966527069?comment_id=10156771204372069&reply_comment_id=10156771766582069,Facebook for iPhone,0,https://www.facebook.com/photo.php?fbid=1398235486948191&set=p.1398235486948191&type=3,"æˆ‘å®¶çš„ä¹Ÿæ˜¯"
10156769966527069_10156771862102069,  REPLY,2018-01-31T03:26:35+0000,https://www.facebook.com/appledaily.tw/posts/10156769966527069?comment_id=10156771204372069&reply_comment_id=10156771862102069,Facebook for iPhone,0,None,"æ—æ…ˆæƒ  æœ‰é»æ·’æ¶¼ğŸ˜‚"
10156769966527069_10156771938602069,  REPLY,2018-01-31T03:51:11+0000,https://www.facebook.com/appledaily.tw/posts/10156769966527069?comment_id=10156771204372069&reply_comment_id=10156771938602069,Facebook for iPhone,0,None,"æˆ‘å®¶çš„ç¬¬äºŒå¤©å°±èµ°æ°´æºäº†www"
10156769966527069_10156772054992069,  REPLY,2018-01-31T04:39:58+0000,https://www.facebook.com/appledaily.tw/posts/10156769966527069?comment_id=10156771204372069&reply_comment_id=10156772054992069,Facebook for Android,6,https://www.facebook.com/photo.php?fbid=1725518137469509&set=p.1725518137469509&type=3,"æ°´æºå®‰å…¨å•Šï¼Œä¸åƒé¦¬è·¯æ—â€¦â€¦"
10156769966527069_10156772128217069,  REPLY,2018-01-31T05:23:49+0000,https://www.facebook.com/appledaily.tw/posts/10156769966527069?comment_id=10156771204372069&reply_comment_id=10156772128217069,Facebook for Android,0,None,"é€™æ¨£é‚„æ²’æ›ï¼Ÿ"
10156769966527069_10156772452237069,  REPLY,2018-01-31T08:21:18+0000,https://www.facebook.com/appledaily.tw/posts/10156769966527069?comment_id=10156771204372069&reply_comment_id=10156772452237069,Facebook for iPhone,1,https://www.facebook.com/photo.php?fbid=586107858394191&set=p.586107858394191&type=3,""
10156769966527069_10156773936327069,  REPLY,2018-01-31T19:06:10+0000,https://www.facebook.com/appledaily.tw/posts/10156769966527069?comment_id=10156771204372069&reply_comment_id=10156773936327069,Facebook for Android,0,https://www.facebook.com/photo.php?fbid=1957629967819617&set=p.1957629967819617&type=3,""
10156769966527069_10156772048397069,COMMENT,2018-01-31T04:35:35+0000,https://www.facebook.com/appledaily.tw/posts/10156769966527069?comment_id=10156772048397069,Facebook for iPhone,4,None,"å¦‚æœå‡ºå¯ä»¥æ§åˆ¶è›™è›™è¡Œå‹•çš„ï¼Œæˆ‘æƒ³ä¸€å®šæ›´å¤šäººç©ğŸ˜†"
10156769966527069_10156773395352069,COMMENT,2018-01-31T15:25:03+0000,https://www.facebook.com/appledaily.tw/posts/10156769966527069?comment_id=10156773395352069,Facebook for iPhone,1,None,"ç©é€™å€‹èƒ½åŸ¹é¤Šè²¬ä»»æ„Ÿå˜›ï¼Ÿï¼æˆ‘ä¹Ÿæ²’èˆˆè¶£ï¼Œè€å¨˜é¤Šäº†ä¸€éš»è„¾æ°£å¾ˆå¤§çš„ï¼Œèƒ½æ”¹è®Šå¥¹çš„å€‹æ€§å—ï¼Ÿï¼å˜–å˜–"
10156769966527069_10156771119402069,COMMENT,2018-01-30T22:27:34+0000,https://www.facebook.com/appledaily.tw/posts/10156769966527069?comment_id=10156771119402069,Facebook for iPhone,2,None,"å®Œå…¨å°±æ˜¯å•Š"
10156769966527069_10156772055497069,COMMENT,2018-01-31T04:40:17+0000,https://www.facebook.com/appledaily.tw/posts/10156769966527069?comment_id=10156772055497069,Facebook for Android,2,None,"é‚£é‚„æ˜¯é¤Šè›™å§\nä¸ç”¨èŠ±éŒ¢"
10156769966527069_10156772121627069,COMMENT,2018-01-31T05:20:36+0000,https://www.facebook.com/appledaily.tw/posts/10156769966527069?comment_id=10156772121627069,Facebook for Android,1,None,"Drhan Wangæ±ªé†«å¸«ğŸ˜‚ğŸ˜‚ğŸ˜‚æ‚¨çš„å¥½æ–‡ç« è¢«æ³¨æ„åˆ°æƒ¹ï½ï½"
10156769966527069_10156771753082069,COMMENT,2018-01-31T02:36:22+0000,https://www.facebook.com/appledaily.tw/posts/10156769966527069?comment_id=10156771753082069,Facebook for Android,1,None,"å°æ™‚å€™éƒ½æ˜¯å¾èŒèšªè®Šå‡ºä¾†çš„ä¸æ˜¯å—ï¼ï¼Ÿ"
10156769966527069_10156772695137069,  REPLY,2018-01-31T11:05:55+0000,https://www.facebook.com/appledaily.tw/posts/10156769966527069?comment_id=10156771753082069&reply_comment_id=10156772695137069,None,1,None,"ç‚ºä»€éº¼æ„Ÿè¦ºå¯“æ„æ·±é â€¦â€¦"
10156769966527069_10156771924352069,COMMENT,2018-01-31T03:46:50+0000,https://www.facebook.com/appledaily.tw/posts/10156769966527069?comment_id=10156771924352069,Facebook for iPhone,0,None,"è‡´å¹ƒ é„­å½©é›² ä½ å€‘æ˜¯ä¸æ˜¯ä¹Ÿè¦ºå¾—é¤Šäº†å››éš»ä¸å—æ§çš„é’è›™ğŸ¸"
10156769966527069_10156771450307069,COMMENT,2018-01-31T00:36:18+0000,https://www.facebook.com/appledaily.tw/posts/10156769966527069?comment_id=10156771450307069,Facebook for iPhone,0,None,"çœŸçš„ å¾ˆæœ‰æ„Ÿï¼"
10156769966527069_10156772176737069,COMMENT,2018-01-31T05:56:14+0000,https://www.facebook.com/appledaily.tw/posts/10156769966527069?comment_id=10156772176737069,Facebook for iPhone,2,None,"æˆ‘ä¹Ÿæ˜¯é¤Šäº†ä¸€å€‹ğŸ¸ï¼æ‰“åŒ…èª¬èµ°å°±èµ°äº†â‹¯ä½†å¦³çœ‹å®Œæ›´è¦äº†è§£åª½åª½çš„å¿ƒæƒ…å‘€ï¼"
10156769966527069_10156772336902069,  REPLY,2018-01-31T07:06:01+0000,https://www.facebook.com/appledaily.tw/posts/10156769966527069?comment_id=10156772176737069&reply_comment_id=10156772336902069,Facebook for iPhone,0,None,"ğŸ˜‚ğŸ˜‚ğŸ˜‚ğŸ˜‚ğŸ˜‚"
10156769966527069_10156772089182069,COMMENT,2018-01-31T05:01:09+0000,https://www.facebook.com/appledaily.tw/posts/10156769966527069?comment_id=10156772089182069,Facebook for iPhone,0,None,"ç§¦è©© å“ˆå“ˆå“ˆæˆ‘å°±èªªé’è›™"
10156769966527069_10156771477037069,COMMENT,2018-01-31T00:46:52+0000,https://www.facebook.com/appledaily.tw/posts/10156769966527069?comment_id=10156771477037069,Facebook for iPhone,0,None,"ç¬‘æ­»"
10156769966527069_10156771761327069,COMMENT,2018-01-31T02:40:46+0000,https://www.facebook.com/appledaily.tw/posts/10156769966527069?comment_id=10156771761327069,Facebook for iPhone,0,None,"æ—ä»²å…ƒã€‚é¤Šäº†20å¹¾å¹´ğŸ¤£ğŸ¤£ğŸ¤£"
10156769966527069_10156771769027069,COMMENT,2018-01-31T02:44:59+0000,https://www.facebook.com/appledaily.tw/posts/10156769966527069?comment_id=10156771769027069,Facebook for Android,1,None,"è¦ºå¾—é€™è›™å’Œæˆ‘çš„æœ¬æ€§å¥½åƒ,å¾ˆç¾¨æ…•ç‰ çš„ç”Ÿæ´»æ–¹å¼!!ğŸ˜…ğŸ¤£ğŸ˜†ğŸ˜‚!!(åŒ…è¢±æ¬¾æ¬¾èªªèµ°å°±èµ°æ¯«ç„¡ç‰½æ›)"
10156769966527069_10156783181232069,  REPLY,2018-02-03T13:28:01+0000,https://www.facebook.com/appledaily.tw/posts/10156769966527069?comment_id=10156771769027069&reply_comment_id=10156783181232069,Facebook for Android,1,None,"ä½ ä¹Ÿå¯ä»¥å•Šã€‚ä¸åšä¸æœƒæ€æ¨£ï¼Œåšäº†å¾ˆä¸ä¸€æ¨£"
10156769966527069_10156783191667069,  REPLY,2018-02-03T13:34:15+0000,https://www.facebook.com/appledaily.tw/posts/10156769966527069?comment_id=10156771769027069&reply_comment_id=10156783191667069,Facebook for Android,0,None,"é„­äººè±ª:æˆ‘å®¶é‚„æœ‰æˆ‘æ”¾ä¸ä¸‹çš„è€çˆ¸çˆ¸,å¦å‰‡æˆ‘éš¨æ™‚å¯ä»¥æ”¶æ‹¾è¡Œå›Šæµªè·¡å¤©æ¶¯!!ğŸ˜‚ğŸ˜‚ğŸ˜‚!!"
10156769966527069_10156771391062069,COMMENT,2018-01-31T00:08:04+0000,https://www.facebook.com/appledaily.tw/posts/10156769966527069?comment_id=10156771391062069,Facebook for iPhone,1,None,"å¥½å¯«å¯¦ çµ¦æ¨ï¼"
10156769966527069_10156771833632069,COMMENT,2018-01-31T03:13:31+0000,https://www.facebook.com/appledaily.tw/posts/10156769966527069?comment_id=10156771833632069,Facebook for iPhone,1,None,"ğŸ¤£ğŸ¤£\né¤Šäº†ä¹‹å¾Œçµ‚æ–¼äº†è§£æˆ‘åª½çš„å¿ƒ\nğŸ¤£ğŸ¤£"
10156769966527069_10156771713952069,COMMENT,2018-01-31T02:20:03+0000,https://www.facebook.com/appledaily.tw/posts/10156769966527069?comment_id=10156771713952069,Facebook for iPhone,1,None,"æœ‰è›™å­©å­çš„çˆ¶æ¯ã€æ‡‰è©²æœƒå› é€™æ¬¾éŠæˆ²è€Œæœ‰å¦é¡çš„æ”¶ç©«â‹¯â‹¯è›™å­©å€‘æœ€è¿‘æ‡‰è©²æœƒå¸¸ä¾†é›»æˆ–å¸¸å›å®¶"
10156769966527069_10156772628812069,COMMENT,2018-01-31T10:19:34+0000,https://www.facebook.com/appledaily.tw/posts/10156769966527069?comment_id=10156772628812069,None,0,https://www.facebook.com/photo.php?fbid=215455665691025&set=p.215455665691025&type=3,""
10156769966527069_10156772224617069,COMMENT,2018-01-31T06:20:34+0000,https://www.facebook.com/appledaily.tw/posts/10156769966527069?comment_id=10156772224617069,Facebook for Android,0,None,"é¤Šè›™æ–¹çŸ¥çˆ¶æ¯å¿ƒ"
10156769966527069_10156771108162069,COMMENT,2018-01-30T22:23:41+0000,https://www.facebook.com/appledaily.tw/posts/10156769966527069?comment_id=10156771108162069,Facebook for Android,0,None,"å“ˆ æ ¹æœ¬ä¸ä¸€æ¨£ é‚£èƒ½ç›¸æ¯”"
10156769966527069_10156772986947069,COMMENT,2018-01-31T13:23:37+0000,https://www.facebook.com/appledaily.tw/posts/10156769966527069?comment_id=10156772986947069,Facebook for Android,0,None,"ä¸ä¸€æ ·çš„å…»äº†ä¸€è¾ˆå­éƒ½æƒ³æ§åˆ¶ä»–ã€‚å»æ—…è¡Œæ²¡é€šçŸ¥çˆ¶æ¯åº”è¯¥ä¼šæŠ“ç‹‚"
10156769966527069_10156771950697069,COMMENT,2018-01-31T03:55:45+0000,https://www.facebook.com/appledaily.tw/posts/10156769966527069?comment_id=10156771950697069,Facebook for Android,0,None,"æ—¥æ–‡ çœ‹ä¸æ‡‚â€¦"
10156769966527069_10156771075117069,COMMENT,2018-01-30T22:13:50+0000,https://www.facebook.com/appledaily.tw/posts/10156769966527069?comment_id=10156771075117069,Facebook for iPhone,0,None,"TÆ°Æ¡ng_TÃ¡c_Tá»‘t <3"
10156769966527069_10156772409367069,COMMENT,2018-01-31T07:56:52+0000,https://www.facebook.com/appledaily.tw/posts/10156769966527069?comment_id=10156772409367069,Facebook for iPhone,0,None,"æˆ‘çš„é’è›™éƒ½ä¸å›å®¶\næ­»å­©å­ğŸ˜­ğŸ˜­ğŸ˜­"
10156769966527069_10156773562852069,COMMENT,2018-01-31T16:31:41+0000,https://www.facebook.com/appledaily.tw/posts/10156769966527069?comment_id=10156773562852069,Facebook for iPhone,0,None,"ç®—äº†ï¼Œç¾åœ¨çš„äººæ²’è²¬ä»»ï¼Œå°å­©éƒ½çµ¦é¤Šæ­»ï¼Œæ‰‹æ©Ÿæ¯”ã€Œäººã€é‚„é‡è¦ã€ä½†å»¢æ–‡ä¸ç”¨ä¸€ç›´ç™¼ã€çœ‹äº†å¥½è†©"
10156769966527069_10156772106667069,COMMENT,2018-01-31T05:10:39+0000,https://www.facebook.com/appledaily.tw/posts/10156769966527069?comment_id=10156772106667069,Facebook Lite,0,None,"æˆ‘çš„ä¸€å»ç„¡æ­¸ï¼ŒçœŸæ…˜"
10156769966527069_10156772319962069,COMMENT,2018-01-31T06:58:50+0000,https://www.facebook.com/appledaily.tw/posts/10156769966527069?comment_id=10156772319962069,Facebook for iPhone,0,None,"å®Œå…¨è´ŠåŒ"
10156769966527069_10156771603132069,COMMENT,2018-01-31T01:36:56+0000,https://www.facebook.com/appledaily.tw/posts/10156769966527069?comment_id=10156771603132069,Facebook for Android,0,None,"å¦³æ˜¯å…ˆç”Ÿçš„ç²¾èŸ²é¤Š20å¹¾å¹´å§ï¼Ÿ"
10156769966527069_10156772588582069,COMMENT,2018-01-31T09:53:01+0000,https://www.facebook.com/appledaily.tw/posts/10156769966527069?comment_id=10156772588582069,Facebook for iPhone,0,None,"èŠ³ç‘œ ä½™ å†èªªä½ å£å£å•Š"
10156769966527069_10156771463302069,COMMENT,2018-01-31T00:41:04+0000,https://www.facebook.com/appledaily.tw/posts/10156769966527069?comment_id=10156771463302069,Facebook for iPhone,0,None,"å“ˆå“ˆå“ˆå“ˆå“ˆå“ˆå“ˆå“ˆå“ˆå“ˆå“ˆå“ˆé€™å€‹æ—ç™½å¥½å¥½ç¬‘"
10156769966527069_10156774895807069,COMMENT,2018-02-01T01:50:35+0000,https://www.facebook.com/appledaily.tw/posts/10156769966527069?comment_id=10156774895807069,Facebook for iPhone,0,None,"å“ˆå“ˆ"
10156769966527069_10156771407277069,COMMENT,2018-01-31T00:16:41+0000,https://www.facebook.com/appledaily.tw/posts/10156769966527069?comment_id=10156771407277069,Facebook for iPhone,0,https://www.facebook.com/photo.php?fbid=272545709943313&set=p.272545709943313&type=3,""
10156769966527069_10156771679677069,COMMENT,2018-01-31T02:06:31+0000,https://www.facebook.com/appledaily.tw/posts/10156769966527069?comment_id=10156771679677069,Facebook for Android,0,None,"å“ˆå“ˆå“ˆå“ˆå“ˆå“ˆå“ˆ"
10156769966527069_10156771377232069,COMMENT,2018-01-31T00:01:25+0000,https://www.facebook.com/appledaily.tw/posts/10156769966527069?comment_id=10156771377232069,Facebook for Android,1,None,"æ²ˆèŠ·ä¼ƒ ğŸ¤£ğŸ¤£ğŸ¤£"
10156769966527069_10156771441417069,  REPLY,2018-01-31T00:32:17+0000,https://www.facebook.com/appledaily.tw/posts/10156769966527069?comment_id=10156771377232069&reply_comment_id=10156771441417069,Facebook for iPhone,0,None,"é€™æ„Ÿè¦ºè¦éå¸¸æ·¡å®šçš„äººç© æ‰ä¸æœƒé‚£éº¼æ°£ğŸ˜‚"
10156769966527069_10156771522527069,  REPLY,2018-01-31T01:06:16+0000,https://www.facebook.com/appledaily.tw/posts/10156769966527069?comment_id=10156771377232069&reply_comment_id=10156771522527069,None,0,None,"æˆ‘è¦ºå¾—æˆ‘ä¸è¡Œ"
10156769966527069_10156771381572069,COMMENT,2018-01-31T00:03:35+0000,https://www.facebook.com/appledaily.tw/posts/10156769966527069?comment_id=10156771381572069,Facebook for iPhone,0,None,"Roxanne Sung é¤ŠğŸ¸æ–¹çŸ¥çˆ¶æ¯æ©å¶"
10156769966527069_10156771419567069,  REPLY,2018-01-31T00:22:17+0000,https://www.facebook.com/appledaily.tw/posts/10156769966527069?comment_id=10156771381572069&reply_comment_id=10156771419567069,Facebook for iPhone,0,None,"æˆ‘æ‰å‰›ä¸‹è¼‰éŠæˆ²æ²’æœ‰é€™éº¼æ·±çš„é ˜æ‚ŸXD"
10156769966527069_10156771987922069,COMMENT,2018-01-31T04:08:13+0000,https://www.facebook.com/appledaily.tw/posts/10156769966527069?comment_id=10156771987922069,Facebook for iPhone,1,None,"é„­è¨¼è€€ğŸ¤£"
10156769966527069_10156772081322069,COMMENT,2018-01-31T04:55:53+0000,https://www.facebook.com/appledaily.tw/posts/10156769966527069?comment_id=10156772081322069,Facebook for iPhone,0,None,"é«˜åƒå¯ŒğŸ¤”"
10156769966527069_10156771624547069,COMMENT,2018-01-31T01:45:38+0000,https://www.facebook.com/appledaily.tw/posts/10156769966527069?comment_id=10156771624547069,Facebook for iPhone,0,None,"å³å·§ç³ä½ åª½"
10156769966527069_10156771842507069,  REPLY,2018-01-31T03:17:44+0000,https://www.facebook.com/appledaily.tw/posts/10156769966527069?comment_id=10156771624547069&reply_comment_id=10156771842507069,Facebook for iPhone,0,None,"å“ˆå“ˆé åŒ—å•Šï¼æˆ‘çš„ğŸ¸åˆå‡ºé–€äº†"
10156769966527069_10156772120142069,COMMENT,2018-01-31T05:19:47+0000,https://www.facebook.com/appledaily.tw/posts/10156769966527069?comment_id=10156772120142069,Facebook for Android,0,None,"Ines Lin Hedy Jhou \nè·Ÿæˆ‘æ˜¨æ™šè¬›çš„ä¸€æ¨¡æ¨¡ä¸€æ¨£æ¨£ğŸ˜‚"
10156769966527069_10156771493572069,COMMENT,2018-01-31T00:52:27+0000,https://www.facebook.com/appledaily.tw/posts/10156769966527069?comment_id=10156771493572069,Facebook for iPhone,0,None,"Shiuan Mingå¦³çœ‹çœ‹"
10156769966527069_10156771682487069,  REPLY,2018-01-31T02:07:27+0000,https://www.facebook.com/appledaily.tw/posts/10156769966527069?comment_id=10156771493572069&reply_comment_id=10156771682487069,Facebook for iPhone,0,None,"æ€æ¨£ï¼æˆ‘é‚„æ²’å°å­©ï¼Œé¤Šå‘±å‘±éŒ¯äº†å—ğŸ˜­ğŸ˜­"
10156769966527069_10156772083712069,  REPLY,2018-01-31T04:57:35+0000,https://www.facebook.com/appledaily.tw/posts/10156769966527069?comment_id=10156771493572069&reply_comment_id=10156772083712069,Facebook for iPhone,0,None,"Shiuan Ming æˆ‘ä¹Ÿæœ‰é¤Šå‘±å‘±ğŸ¸"
10156769966527069_10156772102672069,  REPLY,2018-01-31T05:08:25+0000,https://www.facebook.com/appledaily.tw/posts/10156769966527069?comment_id=10156771493572069&reply_comment_id=10156772102672069,Facebook for iPhone,0,None,"Violet Yen å“ˆå“ˆï¼æˆ‘å€‘å…¬å¸åªæœ‰æˆ‘è·Ÿéš”å£çš„åœ¨ç©ï¼Œéƒ½è¢«å˜²ç¬‘ğŸ˜­"
10156769966527069_10156772113687069,  REPLY,2018-01-31T05:15:25+0000,https://www.facebook.com/appledaily.tw/posts/10156769966527069?comment_id=10156771493572069&reply_comment_id=10156772113687069,Facebook for iPhone,0,https://www.facebook.com/photo.php?fbid=2062185977130589&set=p.2062185977130589&type=3,"Shiuan Ming æˆ‘çš„æœ‹å‹å…¨éƒ¨éƒ½åœ¨ç˜‹ğŸ¸ğŸ¸ï¼\næ¯å¤©éƒ½åœ¨åˆ†äº«ğŸ¸ğŸ¸å»äº†å“ªè£¡\næˆ‘çš„ç¾åœ¨åœ¨éœ²ç‡Ÿ"
10156769966527069_10156771401062069,COMMENT,2018-01-31T00:13:24+0000,https://www.facebook.com/appledaily.tw/posts/10156769966527069?comment_id=10156771401062069,Facebook for iPhone,1,None,"Crystal Ho"
10156769966527069_10156772704912069,COMMENT,2018-01-31T11:12:31+0000,https://www.facebook.com/appledaily.tw/posts/10156769966527069?comment_id=10156772704912069,Facebook for iPhone,1,None,"é„­å®‡å“²"
10156769966527069_10156772859157069,  REPLY,2018-01-31T12:28:57+0000,https://www.facebook.com/appledaily.tw/posts/10156769966527069?comment_id=10156772704912069&reply_comment_id=10156772859157069,Facebook for iPhone,0,None,"æƒ³é¤Šäº†å—"
10156769966527069_10156772881612069,  REPLY,2018-01-31T12:41:19+0000,https://www.facebook.com/appledaily.tw/posts/10156769966527069?comment_id=10156772704912069&reply_comment_id=10156772881612069,None,0,None,"é„­å®‡å“² é¤Šä½ é€™éš»è±¬é‚„ä¸å¤ ???"
10156769966527069_10156772892532069,  REPLY,2018-01-31T12:45:49+0000,https://www.facebook.com/appledaily.tw/posts/10156769966527069?comment_id=10156772704912069&reply_comment_id=10156772892532069,Facebook for iPhone,0,None,"ä½ æ‰æ˜¯è±¬"
10156769966527069_10156771499797069,COMMENT,2018-01-31T00:55:13+0000,https://www.facebook.com/appledaily.tw/posts/10156769966527069?comment_id=10156771499797069,Facebook for iPhone,0,None,"æ¸¸å³»æ–ŒWen Ling Yu"
10156769966527069_10156771427857069,COMMENT,2018-01-31T00:24:54+0000,https://www.facebook.com/appledaily.tw/posts/10156769966527069?comment_id=10156771427857069,Facebook for iPhone,0,None,"å»–è”“èIvy Lee"
10156769966527069_10156771454017069,  REPLY,2018-01-31T00:37:38+0000,https://www.facebook.com/appledaily.tw/posts/10156769966527069?comment_id=10156771427857069&reply_comment_id=10156771454017069,Facebook for iPhone,0,None,"æˆ‘ä¹Ÿé¤Šäº†å…©éš».....å“ˆå“ˆ"
10156769966527069_10156771504667069,  REPLY,2018-01-31T00:57:38+0000,https://www.facebook.com/appledaily.tw/posts/10156769966527069?comment_id=10156771427857069&reply_comment_id=10156771504667069,Facebook for iPhone,0,None,"Ivy Lee ç„¶å¾Œå¦¹å¦¹åˆé¤Šäº†ä¸€æ‘¸ä¸€æ¨£çš„è‡ªå·±"
10156769966527069_10156771507072069,  REPLY,2018-01-31T00:58:32+0000,https://www.facebook.com/appledaily.tw/posts/10156769966527069?comment_id=10156771427857069&reply_comment_id=10156771507072069,Facebook for iPhone,0,https://scontent.xx.fbcdn.net/v/t39.1997-6/16686525_344394655956749_6383598514676432896_n.png?_nc_cat=0&oh=9307dfd1b540ab32c13071de8092c920&oe=5B8EF379,""
10156769966527069_10156773303462069,COMMENT,2018-01-31T14:59:23+0000,https://www.facebook.com/appledaily.tw/posts/10156769966527069?comment_id=10156773303462069,Facebook for iPhone,1,None,"æ—çœå±±"
10156769966527069_10156772567312069,COMMENT,2018-01-31T09:38:31+0000,https://www.facebook.com/appledaily.tw/posts/10156769966527069?comment_id=10156772567312069,Facebook for Android,0,None,"æ¥Šéš†æ™º ç‹éº—è²"
10156769966527069_10156771660232069,COMMENT,2018-01-31T01:57:33+0000,https://www.facebook.com/appledaily.tw/posts/10156769966527069?comment_id=10156771660232069,Facebook for iPhone,0,None,"æè»’ç¾½"
10156769966527069_10156771396082069,COMMENT,2018-01-31T00:11:26+0000,https://www.facebook.com/appledaily.tw/posts/10156769966527069?comment_id=10156771396082069,Facebook for iPhone,1,None,"è¬ç¶ºç¶ºè¬åƒçµ¢"
10156769966527069_10156771947632069,  REPLY,2018-01-31T03:54:40+0000,https://www.facebook.com/appledaily.tw/posts/10156769966527069?comment_id=10156771396082069&reply_comment_id=10156771947632069,Facebook for iPhone,0,None,"æˆ‘æ˜¯ä¸æ˜¯èªªäº† å°±æ˜¯åœ¨é¤Šä½ å“¥"
10156769966527069_10156772063787069,  REPLY,2018-01-31T04:45:16+0000,https://www.facebook.com/appledaily.tw/posts/10156769966527069?comment_id=10156771396082069&reply_comment_id=10156772063787069,Facebook for iPhone,0,None,"è¬ç¶ºç¶º æœ¬ä¾†è¦æ¨™è¨˜ä»–çš„"
10156769966527069_10156771585467069,COMMENT,2018-01-31T01:31:47+0000,https://www.facebook.com/appledaily.tw/posts/10156769966527069?comment_id=10156771585467069,Facebook for iPhone,0,None,"æ¢åª„éˆ´"
10156769966527069_10156771678757069,  REPLY,2018-01-31T02:06:04+0000,https://www.facebook.com/appledaily.tw/posts/10156769966527069?comment_id=10156771585467069&reply_comment_id=10156771678757069,Facebook for iPhone,0,https://scontent.xx.fbcdn.net/v/t39.1997-6/851575_126361914215272_209730609_n.png?_nc_cat=0&oh=a8c4e6c42e9d5addf251385e6fe5d2d0&oe=5B913A11,""
10156769966527069_10156771678872069,  REPLY,2018-01-31T02:06:07+0000,https://www.facebook.com/appledaily.tw/posts/10156769966527069?comment_id=10156771585467069&reply_comment_id=10156771678872069,Facebook for iPhone,0,https://scontent.xx.fbcdn.net/v/t39.1997-6/851575_126361914215272_209730609_n.png?_nc_cat=0&oh=a8c4e6c42e9d5addf251385e6fe5d2d0&oe=5B913A11,""
10156769966527069_10156772075592069,COMMENT,2018-01-31T04:50:59+0000,https://www.facebook.com/appledaily.tw/posts/10156769966527069?comment_id=10156772075592069,Facebook for iPhone,0,None,"Silvia Yuan"
10156769966527069_10156773137147069,COMMENT,2018-01-31T14:17:16+0000,https://www.facebook.com/appledaily.tw/posts/10156769966527069?comment_id=10156773137147069,Facebook for iPhone,0,None,"JiaXuan Lim"
10156769966527069_10156771735872069,COMMENT,2018-01-31T02:28:31+0000,https://www.facebook.com/appledaily.tw/posts/10156769966527069?comment_id=10156771735872069,Facebook for iPhone,0,None,"Zoe Hou"
10156769966527069_10156772362372069,COMMENT,2018-01-31T07:26:38+0000,https://www.facebook.com/appledaily.tw/posts/10156769966527069?comment_id=10156772362372069,Facebook for iPhone,0,None,"æ—æ€¡é›¯"
10156769966527069_10156773372602069,COMMENT,2018-01-31T15:20:16+0000,https://www.facebook.com/appledaily.tw/posts/10156769966527069?comment_id=10156773372602069,Facebook for Android,0,None,"æå¦æ˜•"
10156769966527069_10156771436187069,COMMENT,2018-01-31T00:29:58+0000,https://www.facebook.com/appledaily.tw/posts/10156769966527069?comment_id=10156771436187069,Facebook for iPhone,0,None,"Chia Chi Chen"
10156769966527069_10156771827357069,COMMENT,2018-01-31T03:10:56+0000,https://www.facebook.com/appledaily.tw/posts/10156769966527069?comment_id=10156771827357069,Facebook for iPhone,0,None,"Moe Moe Bao"
10156769966527069_10156771467597069,COMMENT,2018-01-31T00:42:09+0000,https://www.facebook.com/appledaily.tw/posts/10156769966527069?comment_id=10156771467597069,Facebook for iPhone,0,None,"é™³é”ä»"
10156769966527069_10156771821562069,COMMENT,2018-01-31T03:08:26+0000,https://www.facebook.com/appledaily.tw/posts/10156769966527069?comment_id=10156771821562069,Facebook for Android,0,None,"Vento TsaiğŸ˜‚ğŸ˜‚ğŸ˜‚ğŸ˜‚"
10156769966527069_10156771198272069,COMMENT,2018-01-30T22:51:52+0000,https://www.facebook.com/appledaily.tw/posts/10156769966527069?comment_id=10156771198272069,Facebook for iPhone,0,None,"å¾ç¾½è± ç¾…ç§€ç‰"
10156769966527069_10156771566762069,  REPLY,2018-01-31T01:25:03+0000,https://www.facebook.com/appledaily.tw/posts/10156769966527069?comment_id=10156771198272069&reply_comment_id=10156771566762069,Facebook for iPhone,1,None,"æˆ‘å‚»å‚»çš„é¤Šäº†å…©éš»èªªâ‹¯éƒ½20å¹¾å¹´äº†ã€‚"
10156769966527069_10156771855022069,  REPLY,2018-01-31T03:22:42+0000,https://www.facebook.com/appledaily.tw/posts/10156769966527069?comment_id=10156771198272069&reply_comment_id=10156771855022069,Facebook for iPhone,0,None,"æˆ‘ä¹Ÿæ˜¯å…¶ä¸­ä¹‹ä¸€ğŸ˜¬ğŸ˜¬ğŸ˜¬"
10156769966527069_10156772365657069,  REPLY,2018-01-31T07:29:39+0000,https://www.facebook.com/appledaily.tw/posts/10156769966527069?comment_id=10156771198272069&reply_comment_id=10156772365657069,Facebook for iPhone,0,None,"å“ˆ"
10156769966527069_10156771486997069,COMMENT,2018-01-31T00:51:22+0000,https://www.facebook.com/appledaily.tw/posts/10156769966527069?comment_id=10156771486997069,Facebook for iPhone,1,None,"Steven  Wu"
10156769966527069_10156771685477069,COMMENT,2018-01-31T02:08:18+0000,https://www.facebook.com/appledaily.tw/posts/10156769966527069?comment_id=10156771685477069,Facebook for Android,1,None,"Asiel Tsai"
10156769966527069_10156771774322069,COMMENT,2018-01-31T02:47:02+0000,https://www.facebook.com/appledaily.tw/posts/10156769966527069?comment_id=10156771774322069,Facebook for iPhone,1,None,"å³çµ²"
10156769966527069_10156773393487069,COMMENT,2018-01-31T15:24:44+0000,https://www.facebook.com/appledaily.tw/posts/10156769966527069?comment_id=10156773393487069,Facebook for Android,0,None,"Angel Kwok ğŸ˜„ğŸ˜„"
10156769966527069_10156774700167069,  REPLY,2018-02-01T00:33:08+0000,https://www.facebook.com/appledaily.tw/posts/10156769966527069?comment_id=10156773393487069&reply_comment_id=10156774700167069,None,0,None,"A3è¦æˆ‘å¹«ä½¢è£éš»gameï¼Œä½¢è©±è¦å¹«éš»è›™æ”¹å€‹åå«å®‰çª ğŸ¤£ğŸ¤£ğŸ¤£"
10156769966527069_10156772132617069,COMMENT,2018-01-31T05:26:04+0000,https://www.facebook.com/appledaily.tw/posts/10156769966527069?comment_id=10156772132617069,Facebook for iPhone,1,None,"é™³å¦¤å¦¤"
10156769966527069_10156771612782069,COMMENT,2018-01-31T01:40:53+0000,https://www.facebook.com/appledaily.tw/posts/10156769966527069?comment_id=10156771612782069,Facebook for iPhone,0,None,"Elaine Zhang"
10156769966527069_10156775667027069,COMMENT,2018-02-01T08:17:53+0000,https://www.facebook.com/appledaily.tw/posts/10156769966527069?comment_id=10156775667027069,Facebook for Android,0,None,"é™³å¯¶å¯¶ Noel Chow"
10156769966527069_10156771562817069,COMMENT,2018-01-31T01:23:11+0000,https://www.facebook.com/appledaily.tw/posts/10156769966527069?comment_id=10156771562817069,Facebook for iPhone,0,None,"Amanda Hua"
10156769966527069_10156771633092069,  REPLY,2018-01-31T01:49:44+0000,https://www.facebook.com/appledaily.tw/posts/10156769966527069?comment_id=10156771562817069&reply_comment_id=10156771633092069,None,0,None,"Haha what is this?"
10156769966527069_10156773589477069,COMMENT,2018-01-31T16:35:37+0000,https://www.facebook.com/appledaily.tw/posts/10156769966527069?comment_id=10156773589477069,Facebook for Android,0,None,"åŠ‰æŸ¯åˆ©"
10156769966527069_10156772470732069,COMMENT,2018-01-31T08:32:43+0000,https://www.facebook.com/appledaily.tw/posts/10156769966527069?comment_id=10156772470732069,Facebook for iPhone,0,None,"Funk Fan"
10156769966527069_10156772018427069,COMMENT,2018-01-31T04:22:08+0000,https://www.facebook.com/appledaily.tw/posts/10156769966527069?comment_id=10156772018427069,Facebook for iPhone,0,None,"æ–‡æ·"
10156769966527069_10156771977822069,COMMENT,2018-01-31T04:03:43+0000,https://www.facebook.com/appledaily.tw/posts/10156769966527069?comment_id=10156771977822069,Facebook for iPhone,0,None,"è¬äºç‘„"
10156769966527069_10156772379337069,COMMENT,2018-01-31T07:36:41+0000,https://www.facebook.com/appledaily.tw/posts/10156769966527069?comment_id=10156772379337069,Facebook for Android,0,None,"ç‹ç®ç²"
10156769966527069_10156771081737069,COMMENT,2018-01-30T22:16:09+0000,https://www.facebook.com/appledaily.tw/posts/10156769966527069?comment_id=10156771081737069,Facebook for iPhone,0,None,"Yunya Suå¾å…†å«º"
10156769966527069_10156771932317069,  REPLY,2018-01-31T03:49:39+0000,https://www.facebook.com/appledaily.tw/posts/10156769966527069?comment_id=10156771081737069&reply_comment_id=10156771932317069,Facebook for iPhone,0,None,"çªç ´ç›²é»"
10156769966527069_10156771397392069,COMMENT,2018-01-31T00:11:54+0000,https://www.facebook.com/appledaily.tw/posts/10156769966527069?comment_id=10156771397392069,Facebook for iPhone,0,None,"ç‹æ›‰è‰"
10156769966527069_10156772108787069,COMMENT,2018-01-31T05:12:04+0000,https://www.facebook.com/appledaily.tw/posts/10156769966527069?comment_id=10156772108787069,Facebook for iPhone,0,None,"Erin Linæ—ä½©ç’‡"
10156769966527069_10156771428482069,COMMENT,2018-01-31T00:25:11+0000,https://www.facebook.com/appledaily.tw/posts/10156769966527069?comment_id=10156771428482069,Facebook for iPhone,0,None,"DaiYi Lin"
10156769966527069_10156773166132069,COMMENT,2018-01-31T14:24:36+0000,https://www.facebook.com/appledaily.tw/posts/10156769966527069?comment_id=10156773166132069,Facebook for iPhone,0,None,"æ—å®"
10156769966527069_10156771657862069,COMMENT,2018-01-31T01:56:46+0000,https://www.facebook.com/appledaily.tw/posts/10156769966527069?comment_id=10156771657862069,Facebook for iPhone,0,None,"è©¹é›…å©·"
10156769966527069_10156771686267069,COMMENT,2018-01-31T02:08:38+0000,https://www.facebook.com/appledaily.tw/posts/10156769966527069?comment_id=10156771686267069,None,0,https://www.facebook.com/ilovethis.94uni/photos/p.851004751771826/851004751771826/?type=3,"è·‘å»æ¶æ–°æ˜¥ç‰¹è³£â‹¯â‹¯"
